Image Filename,Category,Prompt,Generated Caption,Caption Alignment Score
Age_An_adult_attending_a_yoga_class_in_a_studio__img1.png,Unknown,Unknown,yoga class in a large room with a wooden floor,1.0
Age_An_adult_attending_a_yoga_class_in_a_studio__img2.png,Unknown,Unknown,yoga class in a large room with a large window,1.0
Age_An_adult_attending_a_yoga_class_in_a_studio__img3.png,Unknown,Unknown,yoga class in a large room with a mirror and a woman doing a yoga pose,1.0
Age_An_adult_attending_a_yoga_class_in_a_studio__img4.png,Unknown,Unknown,woman sitting in a yoga pose on a blue mat,1.0
Age_An_adult_attending_a_yoga_class_in_a_studio__img5.png,Unknown,Unknown,yoga class in a large room with a woman in a yoga pose,1.0
Age_An_adult_attending_a_yoga_class_in_a_studio__img6.png,Unknown,Unknown,woman sitting in a yoga pose on a purple mat,1.0
Age_An_adult_attending_a_yoga_class_in_a_studio__img7.png,Unknown,Unknown,yoga class in a gym with a woman standing on one leg,1.0
Age_An_adult_jogging_along_a_quiet_road__img1.png,Unknown,Unknown,there is a man that is running down the street,1.0
Age_An_adult_jogging_along_a_quiet_road__img2.png,Unknown,Unknown,arafed man running on a road in the middle of a forest,1.0
Age_An_adult_jogging_along_a_quiet_road__img3.png,Unknown,Unknown,woman running on a path in a park with trees in the background,1.0
Age_An_adult_jogging_along_a_quiet_road__img4.png,Unknown,Unknown,arafed man running on a path in a blue shirt,1.0
Age_An_adult_jogging_along_a_quiet_road__img5.png,Unknown,Unknown,there is a woman running down a path in the middle of the day,1.0
Age_An_adult_jogging_along_a_quiet_road__img6.png,Unknown,Unknown,woman running on a paved road in a pink shirt,1.0
Age_An_adult_jogging_along_a_quiet_road__img7.png,Unknown,Unknown,there is a woman running on a road with trees in the background,1.0
Age_An_adult_playing_with_their_pet_in_a_park__img1.png,Unknown,Unknown,woman petting a cat in a park with a green grass field,1.0
Age_An_adult_playing_with_their_pet_in_a_park__img2.png,Unknown,Unknown,araffe sitting on the grass with a dog in his lap,1.0
Age_An_adult_playing_with_their_pet_in_a_park__img3.png,Unknown,Unknown,there is a man kneeling down petting a dog with a leash,1.0
Age_An_adult_playing_with_their_pet_in_a_park__img4.png,Unknown,Unknown,there is a man kneeling down with a dog in a park,1.0
Age_An_adult_playing_with_their_pet_in_a_park__img5.png,Unknown,Unknown,there is a woman playing with a cat in the grass,1.0
Age_An_adult_playing_with_their_pet_in_a_park__img6.png,Unknown,Unknown,araffes man with a dog in a park,1.0
Age_An_adult_playing_with_their_pet_in_a_park__img7.png,Unknown,Unknown,woman playing with a dog in a park with a leash,1.0
Age_An_adult_working_on_a_laptop_at_a_coffee_shop__img1.png,Unknown,Unknown,arafed man sitting at a table with a laptop and a cup of coffee,1.0
Age_An_adult_working_on_a_laptop_at_a_coffee_shop__img2.png,Unknown,Unknown,there is a man sitting at a table with a laptop,1.0
Age_An_adult_working_on_a_laptop_at_a_coffee_shop__img3.png,Unknown,Unknown,there is a man sitting at a table with a laptop and a cup of coffee,1.0
Age_An_adult_working_on_a_laptop_at_a_coffee_shop__img4.png,Unknown,Unknown,woman sitting at a table with a laptop computer in her lap,1.0
Age_An_adult_working_on_a_laptop_at_a_coffee_shop__img5.png,Unknown,Unknown,there is a man sitting at a table with a laptop computer,1.0
Age_An_adult_working_on_a_laptop_at_a_coffee_shop__img6.png,Unknown,Unknown,there is a man sitting at a table with a laptop and a cup of coffee,1.0
Age_An_adult_working_on_a_laptop_at_a_coffee_shop__img7.png,Unknown,Unknown,there is a man sitting at a table using a laptop,1.0
Age_An_elderly_couple_watching_a_sunset_from_their_por_img1.png,Unknown,Unknown,older couple sitting on bench looking out window at golf course,1.0
Age_An_elderly_couple_watching_a_sunset_from_their_por_img2.png,Unknown,Unknown,elderly couple sitting on porch with view of grassy field,1.0
Age_An_elderly_couple_watching_a_sunset_from_their_por_img3.png,Unknown,Unknown,they are sitting on the porch of their house watching the sunset,1.0
Age_An_elderly_couple_watching_a_sunset_from_their_por_img4.png,Unknown,Unknown,older couple sitting on a deck watching the sunset,1.0
Age_An_elderly_couple_watching_a_sunset_from_their_por_img5.png,Unknown,Unknown,there are two older people standing on a porch with a view of a field,1.0
Age_An_elderly_couple_watching_a_sunset_from_their_por_img6.png,Unknown,Unknown,older couple standing on a porch looking out over a green field,1.0
Age_An_elderly_couple_watching_a_sunset_from_their_por_img7.png,Unknown,Unknown,older couple sitting on a bench with a drink and a glass of orange juice,1.0
Age_An_elderly_person_enjoying_a_quiet_afternoon_at_ho_img1.png,Unknown,Unknown,smiling elderly woman sitting on a couch with her laptop,1.0
Age_An_elderly_person_enjoying_a_quiet_afternoon_at_ho_img2.png,Unknown,Unknown,an old woman sitting on a couch with a blue shirt,1.0
Age_An_elderly_person_enjoying_a_quiet_afternoon_at_ho_img3.png,Unknown,Unknown,smiling elderly woman sitting on a couch with a remote control,1.0
Age_An_elderly_person_enjoying_a_quiet_afternoon_at_ho_img4.png,Unknown,Unknown,smiling elderly woman sitting in a blue chair with a blue blanket,1.0
Age_An_elderly_person_enjoying_a_quiet_afternoon_at_ho_img5.png,Unknown,Unknown,elderly woman sitting in chair in living room with open window,1.0
Age_An_elderly_person_enjoying_a_quiet_afternoon_at_ho_img6.png,Unknown,Unknown,smiling elderly woman sitting in a chair with a yellow chair,1.0
Age_An_elderly_person_enjoying_a_quiet_afternoon_at_ho_img7.png,Unknown,Unknown,an old woman sitting on a couch with her hands crossed,1.0
Age_An_elderly_person_reading_a_newspaper_on_a_porch__img1.png,Unknown,Unknown,elderly woman reading newspaper sitting on ledge outside window sill,1.0
Age_An_elderly_person_reading_a_newspaper_on_a_porch__img2.png,Unknown,Unknown,an old man sitting in a chair reading a newspaper,1.0
Age_An_elderly_person_reading_a_newspaper_on_a_porch__img3.png,Unknown,Unknown,an old man sitting on a chair reading a newspaper,1.0
Age_An_elderly_person_reading_a_newspaper_on_a_porch__img4.png,Unknown,Unknown,elderly woman reading a newspaper on a porch chair,1.0
Age_An_elderly_person_reading_a_newspaper_on_a_porch__img5.png,Unknown,Unknown,elderly woman reading a newspaper outside of a brick building,1.0
Age_An_elderly_person_reading_a_newspaper_on_a_porch__img6.png,Unknown,Unknown,araffe man reading a newspaper while sitting on a porch,1.0
Age_An_elderly_person_reading_a_newspaper_on_a_porch__img7.png,Unknown,Unknown,an old man sitting on a wooden chair reading a newspaper,1.0
Age_An_elderly_person_watching_birds_from_their_window_img1.png,Unknown,Unknown,older woman with white hair and blue sweater looking out of a doorway,1.0
Age_An_elderly_person_watching_birds_from_their_window_img2.png,Unknown,Unknown,there is a woman that is looking out of a window,1.0
Age_An_elderly_person_watching_birds_from_their_window_img3.png,Unknown,Unknown,there is a man looking out of a window at a bird,1.0
Age_An_elderly_person_watching_birds_from_their_window_img4.png,Unknown,Unknown,elderly woman looking out of window at rain coming in,1.0
Age_An_elderly_person_watching_birds_from_their_window_img5.png,Unknown,Unknown,there is a woman looking out a window at a bird,1.0
Age_An_elderly_person_watching_birds_from_their_window_img6.png,Unknown,Unknown,there is a woman sitting at a window looking out,1.0
Age_An_elderly_person_watching_birds_from_their_window_img7.png,Unknown,Unknown,there is a black and white photo of an old woman looking out a window,1.0
Age_An_older_couple_strolling_down_a_scenic_beach__img1.png,Unknown,Unknown,older couple walking on the beach towards the ocean,1.0
Age_An_older_couple_strolling_down_a_scenic_beach__img2.png,Unknown,Unknown,older couple walking on the beach holding hands,1.0
Age_An_older_couple_strolling_down_a_scenic_beach__img3.png,Unknown,Unknown,older couple walking on the beach holding hands,1.0
Age_An_older_couple_strolling_down_a_scenic_beach__img4.png,Unknown,Unknown,they are walking on the beach holding hands,1.0
Age_An_older_couple_strolling_down_a_scenic_beach__img5.png,Unknown,Unknown,older couple walking on the beach under a tree,1.0
Age_An_older_couple_strolling_down_a_scenic_beach__img6.png,Unknown,Unknown,older couple walking on a beach holding hands,1.0
Age_An_older_couple_strolling_down_a_scenic_beach__img7.png,Unknown,Unknown,older couple walking on the beach holding hands,1.0
Age_An_older_person_knitting_in_a_cozy_living_room__img1.png,Unknown,Unknown,elderly woman knitting a sweater on a couch in a living room,1.0
Age_An_older_person_knitting_in_a_cozy_living_room__img2.png,Unknown,Unknown,arafed woman sitting in a chair with a knitting needle,1.0
Age_An_older_person_knitting_in_a_cozy_living_room__img3.png,Unknown,Unknown,an older woman sitting on a couch knitting a blanket,1.0
Age_An_older_person_knitting_in_a_cozy_living_room__img4.png,Unknown,Unknown,elderly woman sitting on a couch holding a cane and looking at a book,1.0
Age_An_older_person_knitting_in_a_cozy_living_room__img5.png,Unknown,Unknown,an older woman sitting in a chair with a pair of scissors,1.0
Age_An_older_person_knitting_in_a_cozy_living_room__img6.png,Unknown,Unknown,an older woman sitting on a couch holding a cell phone,1.0
Age_An_older_person_knitting_in_a_cozy_living_room__img7.png,Unknown,Unknown,elderly woman sitting in chair holding a wooden stick in her hand,1.0
Age_An_older_person_playing_a_board_game_with_family__img1.png,Unknown,Unknown,three older people playing a board game together in a living room,1.0
Age_An_older_person_playing_a_board_game_with_family__img2.png,Unknown,Unknown,older people playing a game of board games at a table,1.0
Age_An_older_person_playing_a_board_game_with_family__img3.png,Unknown,Unknown,three people playing a board game together in a living room,1.0
Age_An_older_person_playing_a_board_game_with_family__img4.png,Unknown,Unknown,three elderly people playing a game of board games at a table,1.0
Age_An_older_person_playing_a_board_game_with_family__img5.png,Unknown,Unknown,three elderly people playing a game of board games on a table,1.0
Age_An_older_person_playing_a_board_game_with_family__img6.png,Unknown,Unknown,older woman playing a game of checkers with older woman sitting on a couch,1.0
Age_An_older_person_playing_a_board_game_with_family__img7.png,Unknown,Unknown,several elderly people playing a game of board games at a table,1.0
Age_A_child_learning_to_ride_a_bicycle_in_the_park__img1.png,Unknown,Unknown,there is a man that is standing in the dark with a cell phone,1.0
Age_A_child_learning_to_ride_a_bicycle_in_the_park__img2.png,Unknown,Unknown,arafed child riding a pink bike on a paved path,1.0
Age_A_child_learning_to_ride_a_bicycle_in_the_park__img3.png,Unknown,Unknown,there is a young boy riding a bike in a park,1.0
Age_A_child_learning_to_ride_a_bicycle_in_the_park__img4.png,Unknown,Unknown,a close up of a child riding a bike in a park,1.0
Age_A_child_learning_to_ride_a_bicycle_in_the_park__img5.png,Unknown,Unknown,there is a young child riding a bike on a path,1.0
Age_A_child_learning_to_ride_a_bicycle_in_the_park__img6.png,Unknown,Unknown,there is a young child riding a bike on a path,1.0
Age_A_child_learning_to_ride_a_bicycle_in_the_park__img7.png,Unknown,Unknown,arafed boy riding a bike in a park with a helmet on,1.0
Age_A_child_playing_in_the_snow_with_friends__img1.png,Unknown,Unknown,there are two children playing in the snow with a frisbee,1.0
Age_A_child_playing_in_the_snow_with_friends__img2.png,Unknown,Unknown,there are three children playing in the snow with their hands up,1.0
Age_A_child_playing_in_the_snow_with_friends__img3.png,Unknown,Unknown,three children are playing in the snow in a park,1.0
Age_A_child_playing_in_the_snow_with_friends__img4.png,Unknown,Unknown,there is a small child that is playing in the snow,1.0
Age_A_child_playing_in_the_snow_with_friends__img5.png,Unknown,Unknown,there is a small child sitting in the snow with her arms outstretched,1.0
Age_A_child_playing_in_the_snow_with_friends__img6.png,Unknown,Unknown,several children are playing in the snow with their hands in the air,1.0
Age_A_child_playing_in_the_snow_with_friends__img7.png,Unknown,Unknown,several children are playing in the snow with a frisbee,1.0
Age_A_child_playing_with_a_ball_in_a_park__img1.png,Unknown,Unknown,there is a young boy sitting on the ground with a red ball,1.0
Age_A_child_playing_with_a_ball_in_a_park__img2.png,Unknown,Unknown,arafed boy in grey shirt playing with a white ball in a park,1.0
Age_A_child_playing_with_a_ball_in_a_park__img3.png,Unknown,Unknown,there is a baby playing with a soccer ball in the grass,1.0
Age_A_child_playing_with_a_ball_in_a_park__img4.png,Unknown,Unknown,there is a young boy running with a red ball in a park,1.0
Age_A_child_playing_with_a_ball_in_a_park__img5.png,Unknown,Unknown,there is a young boy holding a red ball in a park,1.0
Age_A_child_playing_with_a_ball_in_a_park__img6.png,Unknown,Unknown,there is a young boy kicking a soccer ball in the grass,1.0
Age_A_child_playing_with_a_ball_in_a_park__img7.png,Unknown,Unknown,there is a young boy playing with a green ball in the grass,1.0
Age_A_child_playing_with_toys_in_a_playroom__img1.png,Unknown,Unknown,there are two children playing with toys in a play room,1.0
Age_A_child_playing_with_toys_in_a_playroom__img2.png,Unknown,Unknown,there is a young girl sitting on the floor playing with toys,1.0
Age_A_child_playing_with_toys_in_a_playroom__img3.png,Unknown,Unknown,there is a young child playing with a toy train on the floor,1.0
Age_A_child_playing_with_toys_in_a_playroom__img4.png,Unknown,Unknown,there is a young child playing with blocks in a play room,1.0
Age_A_child_playing_with_toys_in_a_playroom__img5.png,Unknown,Unknown,there is a young boy playing with a toy in a room,1.0
Age_A_child_playing_with_toys_in_a_playroom__img6.png,Unknown,Unknown,there is a small child playing with a toy truck on the floor,1.0
Age_A_child_playing_with_toys_in_a_playroom__img7.png,Unknown,Unknown,there is a young child playing with a toy on the floor,1.0
Age_A_child_running_through_a_sprinkler_on_a_hot_day__img1.png,Unknown,Unknown,there is a young boy running through a sprinkle of water,1.0
Age_A_child_running_through_a_sprinkler_on_a_hot_day__img2.png,Unknown,Unknown,araffe girl running through a sprinkle of water in a park,1.0
Age_A_child_running_through_a_sprinkler_on_a_hot_day__img3.png,Unknown,Unknown,araffe girl running through sprinkles of water in a yard,1.0
Age_A_child_running_through_a_sprinkler_on_a_hot_day__img4.png,Unknown,Unknown,araffe kid running through sprinkler in grassy area with trees in background,1.0
Age_A_child_running_through_a_sprinkler_on_a_hot_day__img5.png,Unknown,Unknown,there is a little girl running through a sprinkle of water,1.0
Age_A_child_running_through_a_sprinkler_on_a_hot_day__img6.png,Unknown,Unknown,there is a little boy running in the grass with a sprinkler,1.0
Age_A_child_running_through_a_sprinkler_on_a_hot_day__img7.png,Unknown,Unknown,araffe running through a sprinkle of water in a park,1.0
Age_A_family_having_a_picnic_in_a_park_on_a_sunny_day__img1.png,Unknown,Unknown,araffe family having a picnic in the park with a picnic basket,1.0
Age_A_family_having_a_picnic_in_a_park_on_a_sunny_day__img2.png,Unknown,Unknown,araffe family having a picnic in the park,1.0
Age_A_family_having_a_picnic_in_a_park_on_a_sunny_day__img3.png,Unknown,Unknown,araffe family having a picnic in the park with a picnic basket,1.0
Age_A_family_having_a_picnic_in_a_park_on_a_sunny_day__img4.png,Unknown,Unknown,araffe family having a picnic in the park with a picnic basket,1.0
Age_A_family_having_a_picnic_in_a_park_on_a_sunny_day__img5.png,Unknown,Unknown,araffe family sitting on the grass in a park with a picnic basket,1.0
Age_A_family_having_a_picnic_in_a_park_on_a_sunny_day__img6.png,Unknown,Unknown,araffe family having a picnic in the park with a picnic basket,1.0
Age_A_family_having_a_picnic_in_a_park_on_a_sunny_day__img7.png,Unknown,Unknown,araffe family having a picnic in the park with a basket of apples,1.0
Age_A_family_taking_a_stroll_along_a_lake__img1.png,Unknown,Unknown,there are a group of people walking in the water together,1.0
Age_A_family_taking_a_stroll_along_a_lake__img2.png,Unknown,Unknown,there are two people walking along the water with a child,1.0
Age_A_family_taking_a_stroll_along_a_lake__img3.png,Unknown,Unknown,there are two people and a child walking in the water,1.0
Age_A_family_taking_a_stroll_along_a_lake__img4.png,Unknown,Unknown,there are three people walking along the shore of a lake,1.0
Age_A_family_taking_a_stroll_along_a_lake__img5.png,Unknown,Unknown,there are two people and a child walking in the water,1.0
Age_A_family_taking_a_stroll_along_a_lake__img6.png,Unknown,Unknown,araffe family walking through a river with their dog,1.0
Age_A_family_taking_a_stroll_along_a_lake__img7.png,Unknown,Unknown,arafed family walking along a path by a lake,1.0
Age_A_middle_aged_person_cooking_in_a_spacious_kitchen_img1.png,Unknown,Unknown,chef in white shirt and white apron stirring food on stove,1.0
Age_A_middle_aged_person_cooking_in_a_spacious_kitchen_img2.png,Unknown,Unknown,there is a man standing in a kitchen preparing food on the stove,1.0
Age_A_middle_aged_person_cooking_in_a_spacious_kitchen_img3.png,Unknown,Unknown,woman in a kitchen cutting vegetables on a cutting board,1.0
Age_A_middle_aged_person_cooking_in_a_spacious_kitchen_img4.png,Unknown,Unknown,woman in blue shirt cooking in kitchen with vegetables and a bowl,1.0
Age_A_middle_aged_person_cooking_in_a_spacious_kitchen_img5.png,Unknown,Unknown,woman cooking vegetables in a large pan on a stove top,1.0
Age_A_middle_aged_person_cooking_in_a_spacious_kitchen_img6.png,Unknown,Unknown,chef preparing food in a kitchen with a stove and stove top,1.0
Age_A_middle_aged_person_cooking_in_a_spacious_kitchen_img7.png,Unknown,Unknown,woman preparing food in a kitchen with a large pan on a counter,1.0
Age_A_middle_aged_person_doing_home_repairs__img1.png,Unknown,Unknown,arafed man in blue shirt and orange hard hat fixing a kitchen sink,1.0
Age_A_middle_aged_person_doing_home_repairs__img2.png,Unknown,Unknown,a man in blue overalls and gloves is painting a wall,1.0
Age_A_middle_aged_person_doing_home_repairs__img3.png,Unknown,Unknown,arafed man in a hard hat plastering a wall with a hammer,1.0
Age_A_middle_aged_person_doing_home_repairs__img4.png,Unknown,Unknown,a man in blue overalls and yellow gloves is fixing a wall,1.0
Age_A_middle_aged_person_doing_home_repairs__img5.png,Unknown,Unknown,arafed man in a hard hat is using a tool to fix a wall,1.0
Age_A_middle_aged_person_doing_home_repairs__img6.png,Unknown,Unknown,arafed man using a nail gun to remove a wall,1.0
Age_A_middle_aged_person_doing_home_repairs__img7.png,Unknown,Unknown,arafed man in blue shirt and white gloves painting a wall,1.0
Age_A_middle_aged_person_reading_a_book_by_a_fireplace_img1.png,Unknown,Unknown,fireplace with a fire in it in a living room with a chair and a table,1.0
Age_A_middle_aged_person_reading_a_book_by_a_fireplace_img2.png,Unknown,Unknown,woman reading a book in front of a fireplace with fire,1.0
Age_A_middle_aged_person_reading_a_book_by_a_fireplace_img3.png,Unknown,Unknown,arafed man sitting on a couch reading a book in front of a fireplace,1.0
Age_A_middle_aged_person_reading_a_book_by_a_fireplace_img4.png,Unknown,Unknown,there is a man reading a book in front of a fireplace,1.0
Age_A_middle_aged_person_reading_a_book_by_a_fireplace_img5.png,Unknown,Unknown,there is a man sitting in a chair reading a book,1.0
Age_A_middle_aged_person_reading_a_book_by_a_fireplace_img6.png,Unknown,Unknown,arafed man reading a book in front of a fireplace,1.0
Age_A_middle_aged_person_reading_a_book_by_a_fireplace_img7.png,Unknown,Unknown,arafed man sitting in a chair reading a book in front of a fireplace,1.0
Age_A_middle_aged_person_shopping_for_groceries__img1.png,Unknown,Unknown,arafed man in a grocery store with a shopping cart,1.0
Age_A_middle_aged_person_shopping_for_groceries__img2.png,Unknown,Unknown,arafed man in a grocery store with a shopping basket,1.0
Age_A_middle_aged_person_shopping_for_groceries__img3.png,Unknown,Unknown,arafed man in a grocery store looking at a tablet,1.0
Age_A_middle_aged_person_shopping_for_groceries__img4.png,Unknown,Unknown,arafed man in a grocery store selecting fruit and vegetables,1.0
Age_A_middle_aged_person_shopping_for_groceries__img5.png,Unknown,Unknown,arafed man in a grocery store with a basket of fruit,1.0
Age_A_middle_aged_person_shopping_for_groceries__img6.png,Unknown,Unknown,arafed man in a grocery store with a shopping cart,1.0
Age_A_middle_aged_person_shopping_for_groceries__img7.png,Unknown,Unknown,woman shopping in a grocery store with a shopping cart,1.0
Age_A_middle_aged_person_volunteering_at_a_local_shelt_img1.png,Unknown,Unknown,smiling man in grey shirt holding a book in a hallway,1.0
Age_A_middle_aged_person_volunteering_at_a_local_shelt_img2.png,Unknown,Unknown,woman in a blue shirt is opening a box with a tag,1.0
Age_A_middle_aged_person_volunteering_at_a_local_shelt_img3.png,Unknown,Unknown,woman in red shirt and gloves holding a blue container,1.0
Age_A_middle_aged_person_volunteering_at_a_local_shelt_img4.png,Unknown,Unknown,woman in red jacket walking down a hallway with tables of food,1.0
Age_A_middle_aged_person_volunteering_at_a_local_shelt_img5.png,Unknown,Unknown,woman in red shirt and purple gloves standing in a room with tables,1.0
Age_A_middle_aged_person_volunteering_at_a_local_shelt_img6.png,Unknown,Unknown,woman in a mask and gloves is looking at a cage with a dog,1.0
Age_A_middle_aged_person_volunteering_at_a_local_shelt_img7.png,Unknown,Unknown,woman sitting at a table with a pile of folded up clothes,1.0
Age_A_middle_aged_person_working_from_home__img1.png,Unknown,Unknown,there is a man sitting at a table with a laptop computer,1.0
Age_A_middle_aged_person_working_from_home__img2.png,Unknown,Unknown,there is a man sitting at a desk using a laptop computer,1.0
Age_A_middle_aged_person_working_from_home__img3.png,Unknown,Unknown,there is a man sitting at a table with a laptop,1.0
Age_A_middle_aged_person_working_from_home__img4.png,Unknown,Unknown,there is a man sitting at a desk with a laptop computer,1.0
Age_A_middle_aged_person_working_from_home__img5.png,Unknown,Unknown,there is a man sitting at a desk with a laptop and papers,1.0
Age_A_middle_aged_person_working_from_home__img6.png,Unknown,Unknown,there is a man sitting at a desk with a laptop computer,1.0
Age_A_middle_aged_person_working_from_home__img7.png,Unknown,Unknown,there is a man sitting at a table with a laptop and a pen,1.0
Age_A_senior_citizen_attending_a_community_event__img1.png,Unknown,Unknown,several elderly people sitting in a row and one is holding a book,1.0
Age_A_senior_citizen_attending_a_community_event__img2.png,Unknown,Unknown,older man in blue shirt and jeans standing in front of a crowd of people,1.0
Age_A_senior_citizen_attending_a_community_event__img3.png,Unknown,Unknown,elderly woman in pink sweater holding a cake in a park,1.0
Age_A_senior_citizen_attending_a_community_event__img4.png,Unknown,Unknown,elderly woman with glasses and a blue shirt standing in front of a crowd,1.0
Age_A_senior_citizen_attending_a_community_event__img5.png,Unknown,Unknown,older man walking down a path with a backpack and a backpack,1.0
Age_A_senior_citizen_attending_a_community_event__img6.png,Unknown,Unknown,elderly woman in a wheelchair sitting in a park with other people,1.0
Age_A_senior_citizen_attending_a_community_event__img7.png,Unknown,Unknown,elderly man in a wheelchair talking to a group of people,1.0
Age_A_senior_citizen_gardening_in_a_backyard__img1.png,Unknown,Unknown,an older woman is kneeling in the garden with her gardening tools,1.0
Age_A_senior_citizen_gardening_in_a_backyard__img2.png,Unknown,Unknown,elderly man in blue shirt and yellow gloves planting a flower,1.0
Age_A_senior_citizen_gardening_in_a_backyard__img3.png,Unknown,Unknown,an older man is digging in the garden with a green watering can,1.0
Age_A_senior_citizen_gardening_in_a_backyard__img4.png,Unknown,Unknown,elderly woman digging in garden with garden hose and mulch,1.0
Age_A_senior_citizen_gardening_in_a_backyard__img5.png,Unknown,Unknown,arafed woman in pink shirt and gardening gloves digging in garden,1.0
Age_A_senior_citizen_gardening_in_a_backyard__img6.png,Unknown,Unknown,a woman is kneeling down and planting a tree in the garden,1.0
Age_A_senior_citizen_gardening_in_a_backyard__img7.png,Unknown,Unknown,elderly woman digging in garden with shovel and dirt,1.0
Age_A_senior_citizen_sitting_at_a_caf__with_a_friend__img1.png,Unknown,Unknown,two older women sitting at a table with a cup of coffee,1.0
Age_A_senior_citizen_sitting_at_a_caf__with_a_friend__img2.png,Unknown,Unknown,two women sitting at a table with a cup of coffee,1.0
Age_A_senior_citizen_sitting_at_a_caf__with_a_friend__img3.png,Unknown,Unknown,two women sitting at a table with coffee cups and a cup of coffee,1.0
Age_A_senior_citizen_sitting_at_a_caf__with_a_friend__img4.png,Unknown,Unknown,older couple sitting at a table with coffee cups and a cell phone,1.0
Age_A_senior_citizen_sitting_at_a_caf__with_a_friend__img5.png,Unknown,Unknown,older couple sitting at table with coffee cup and smiling,1.0
Age_A_senior_citizen_sitting_at_a_caf__with_a_friend__img6.png,Unknown,Unknown,older couple sitting at a table with coffee cups and smiling,1.0
Age_A_senior_citizen_sitting_at_a_caf__with_a_friend__img7.png,Unknown,Unknown,older women sitting at a table with cups of coffee,1.0
Age_A_senior_person_enjoying_a_cup_of_tea_in_a_garden__img1.png,Unknown,Unknown,smiling elderly woman sitting on a bench holding a cup of coffee,1.0
Age_A_senior_person_enjoying_a_cup_of_tea_in_a_garden__img2.png,Unknown,Unknown,smiling elderly woman holding a cup of coffee in her hands,1.0
Age_A_senior_person_enjoying_a_cup_of_tea_in_a_garden__img3.png,Unknown,Unknown,elderly woman sitting in a chair holding a cup of coffee,1.0
Age_A_senior_person_enjoying_a_cup_of_tea_in_a_garden__img4.png,Unknown,Unknown,elderly woman sitting at a table with a cup of coffee,1.0
Age_A_senior_person_enjoying_a_cup_of_tea_in_a_garden__img5.png,Unknown,Unknown,smiling elderly woman holding a cup of coffee in her hands,1.0
Age_A_senior_person_enjoying_a_cup_of_tea_in_a_garden__img6.png,Unknown,Unknown,smiling elderly woman holding a cup of coffee in a garden,1.0
Age_A_senior_person_enjoying_a_cup_of_tea_in_a_garden__img7.png,Unknown,Unknown,smiling elderly woman sitting in a chair with a cup of coffee,1.0
Age_A_senior_person_on_a_walk_with_a_caregiver__img1.png,Unknown,Unknown,two older women walking down a path in a park,1.0
Age_A_senior_person_on_a_walk_with_a_caregiver__img2.png,Unknown,Unknown,older couple walking down a path holding hands,1.0
Age_A_senior_person_on_a_walk_with_a_caregiver__img3.png,Unknown,Unknown,older couple walking down a path holding hands and carrying a red bag,1.0
Age_A_senior_person_on_a_walk_with_a_caregiver__img4.png,Unknown,Unknown,two women walking in a park holding hands,1.0
Age_A_senior_person_on_a_walk_with_a_caregiver__img5.png,Unknown,Unknown,a woman walking with a caregiver on a walk way,1.0
Age_A_senior_person_on_a_walk_with_a_caregiver__img6.png,Unknown,Unknown,two elderly women walking down a path holding hands,1.0
Age_A_senior_person_on_a_walk_with_a_caregiver__img7.png,Unknown,Unknown,two older women walking down a dirt road with canes,1.0
Age_A_senior_person_taking_a_walk_in_the_neighborhood__img1.png,Unknown,Unknown,elderly woman walking with her dog in a park,1.0
Age_A_senior_person_taking_a_walk_in_the_neighborhood__img2.png,Unknown,Unknown,smiling elderly woman walking down a path with a cane,1.0
Age_A_senior_person_taking_a_walk_in_the_neighborhood__img3.png,Unknown,Unknown,elderly man walking down a sidewalk with a cane and walking stick,1.0
Age_A_senior_person_taking_a_walk_in_the_neighborhood__img4.png,Unknown,Unknown,elderly woman walking down a path in a park with a tennis racket,1.0
Age_A_senior_person_taking_a_walk_in_the_neighborhood__img5.png,Unknown,Unknown,elderly man walking down a street with a cane and walking stick,1.0
Age_A_senior_person_taking_a_walk_in_the_neighborhood__img6.png,Unknown,Unknown,elderly woman walking down a path with a cane and walking stick,1.0
Age_A_senior_person_taking_a_walk_in_the_neighborhood__img7.png,Unknown,Unknown,older woman walking down a sidewalk in a park with a pink shirt,1.0
Age_A_teenager_attending_a_concert_with_friends__img1.png,Unknown,Unknown,there are four young girls smiling and posing for a picture,1.0
Age_A_teenager_attending_a_concert_with_friends__img2.png,Unknown,Unknown,four women are standing together and laughing in a group,1.0
Age_A_teenager_attending_a_concert_with_friends__img3.png,Unknown,Unknown,several young people are taking a picture together with their cell phones,1.0
Age_A_teenager_attending_a_concert_with_friends__img4.png,Unknown,Unknown,there are four girls posing for a picture together at a party,1.0
Age_A_teenager_attending_a_concert_with_friends__img5.png,Unknown,Unknown,three girls are standing next to each other and smiling,1.0
Age_A_teenager_attending_a_concert_with_friends__img6.png,Unknown,Unknown,araffes of young people standing together in a park,1.0
Age_A_teenager_attending_a_concert_with_friends__img7.png,Unknown,Unknown,there are three young people standing together at a concert,1.0
Age_A_teenager_at_a_sports_event_cheering_with_friends_img1.png,Unknown,Unknown,arafed young girl singing in a crowd of people wearing blue shirts,1.0
Age_A_teenager_at_a_sports_event_cheering_with_friends_img2.png,Unknown,Unknown,several young people are cheering and smiling in a crowd,1.0
Age_A_teenager_at_a_sports_event_cheering_with_friends_img3.png,Unknown,Unknown,several young girls are smiling and holding oranges in their hands,1.0
Age_A_teenager_at_a_sports_event_cheering_with_friends_img4.png,Unknown,Unknown,several people are smiling and posing for a picture at a baseball game,1.0
Age_A_teenager_at_a_sports_event_cheering_with_friends_img5.png,Unknown,Unknown,there are many people that are cheering and having fun,1.0
Age_A_teenager_at_a_sports_event_cheering_with_friends_img6.png,Unknown,Unknown,araffes of young people sitting in a stadium with one holding a cell phone,1.0
Age_A_teenager_at_a_sports_event_cheering_with_friends_img7.png,Unknown,Unknown,several young people are cheering and laughing in a stadium,1.0
Age_A_teenager_in_a_school_classroom_raising_their_han_img1.png,Unknown,Unknown,there are many children sitting at desks in a classroom raising their hands,1.0
Age_A_teenager_in_a_school_classroom_raising_their_han_img2.png,Unknown,Unknown,there are many children sitting in a classroom with their hands up,1.0
Age_A_teenager_in_a_school_classroom_raising_their_han_img3.png,Unknown,Unknown,there are many children sitting at desks in a classroom raising their hands,1.0
Age_A_teenager_in_a_school_classroom_raising_their_han_img4.png,Unknown,Unknown,there are many children sitting at desks in a classroom,1.0
Age_A_teenager_in_a_school_classroom_raising_their_han_img5.png,Unknown,Unknown,there are many children sitting at desks in a classroom raising their hands,1.0
Age_A_teenager_in_a_school_classroom_raising_their_han_img6.png,Unknown,Unknown,there are two girls standing in a classroom with their hands up,1.0
Age_A_teenager_in_a_school_classroom_raising_their_han_img7.png,Unknown,Unknown,there are two children sitting at a desk with their hands up,1.0
Age_A_teenager_performing_a_science_experiment_in_a_la_img1.png,Unknown,Unknown,arafed woman in lab coat and goggles holding a beaker,1.0
Age_A_teenager_performing_a_science_experiment_in_a_la_img2.png,Unknown,Unknown,woman in a lab looking at a beaker filled with liquid,1.0
Age_A_teenager_performing_a_science_experiment_in_a_la_img3.png,Unknown,Unknown,arafed boy in green jacket and goggles looking at a beaker filled with liquid,1.0
Age_A_teenager_performing_a_science_experiment_in_a_la_img4.png,Unknown,Unknown,arafed boy in lab coat looking at blue liquid in a laboratory,1.0
Age_A_teenager_performing_a_science_experiment_in_a_la_img5.png,Unknown,Unknown,arafed boy in a blue shirt and glasses is doing a science experiment,1.0
Age_A_teenager_performing_a_science_experiment_in_a_la_img6.png,Unknown,Unknown,arafed boy in a lab with a beaker and a lot of glasses,1.0
Age_A_teenager_performing_a_science_experiment_in_a_la_img7.png,Unknown,Unknown,arafed male in a lab coat and goggles holding a cup,1.0
Age_A_teenager_practicing_dance_in_a_studio__img1.png,Unknown,Unknown,there is a woman that is doing a dance pose in a room,1.0
Age_A_teenager_practicing_dance_in_a_studio__img2.png,Unknown,Unknown,arafed woman in pink tank top doing a split in a dance studio,1.0
Age_A_teenager_practicing_dance_in_a_studio__img3.png,Unknown,Unknown,arafed woman in a skirt is dancing in a dance studio,1.0
Age_A_teenager_practicing_dance_in_a_studio__img4.png,Unknown,Unknown,two women in a dance studio doing a handstand pose,1.0
Age_A_teenager_practicing_dance_in_a_studio__img5.png,Unknown,Unknown,arafed woman in a red shirt and black pants is doing a dance,1.0
Age_A_teenager_practicing_dance_in_a_studio__img6.png,Unknown,Unknown,there is a woman in a pink tank top holding a white frisbee,1.0
Age_A_teenager_practicing_dance_in_a_studio__img7.png,Unknown,Unknown,dancers in a dance studio practicing their moves,1.0
Age_A_teenager_studying_in_a_library_surrounded_by_boo_img1.png,Unknown,Unknown,arafed boy sitting on a chair reading a book in front of a bookcase,1.0
Age_A_teenager_studying_in_a_library_surrounded_by_boo_img2.png,Unknown,Unknown,there is a young boy sitting on the floor reading a book,1.0
Age_A_teenager_studying_in_a_library_surrounded_by_boo_img3.png,Unknown,Unknown,arafed boy sitting on a bench in front of a book shelf,1.0
Age_A_teenager_studying_in_a_library_surrounded_by_boo_img4.png,Unknown,Unknown,arafed boy sitting at a table with books in front of him,1.0
Age_A_teenager_studying_in_a_library_surrounded_by_boo_img5.png,Unknown,Unknown,arafed woman sitting on a chair in a library reading a book,1.0
Age_A_teenager_studying_in_a_library_surrounded_by_boo_img6.png,Unknown,Unknown,arafed boy sitting in front of a table with a book,1.0
Age_A_teenager_studying_in_a_library_surrounded_by_boo_img7.png,Unknown,Unknown,arafed boy sitting in a library reading a book,1.0
Age_A_young_adult_attending_a_festival__img1.png,Unknown,Unknown,araffes in a crowd of people at a music festival,1.0
Age_A_young_adult_attending_a_festival__img2.png,Unknown,Unknown,there is a woman wearing a hat and a backpack walking in a crowd,1.0
Age_A_young_adult_attending_a_festival__img3.png,Unknown,Unknown,there is a woman that is standing in front of a crowd,1.0
Age_A_young_adult_attending_a_festival__img4.png,Unknown,Unknown,araffe woman in a red vest and blue jeans standing in a field,1.0
Age_A_young_adult_attending_a_festival__img5.png,Unknown,Unknown,there is a woman with sunglasses standing in front of a crowd,1.0
Age_A_young_adult_attending_a_festival__img6.png,Unknown,Unknown,araffe woman with sunglasses standing in front of a crowd of people,1.0
Age_A_young_adult_attending_a_festival__img7.png,Unknown,Unknown,araffe woman standing in a field with a crowd of people,1.0
Age_A_young_adult_at_a_job_interview_in_an_office__img1.png,Unknown,Unknown,woman in business attire sitting at a table with a man in a suit,1.0
Age_A_young_adult_at_a_job_interview_in_an_office__img2.png,Unknown,Unknown,woman in blue jacket sitting at a table with papers and a folder,1.0
Age_A_young_adult_at_a_job_interview_in_an_office__img3.png,Unknown,Unknown,there is a man in a suit sitting at a table with a laptop,1.0
Age_A_young_adult_at_a_job_interview_in_an_office__img4.png,Unknown,Unknown,woman sitting at a table with papers and pen in front of her,1.0
Age_A_young_adult_at_a_job_interview_in_an_office__img5.png,Unknown,Unknown,there is a man sitting in a chair in a room,1.0
Age_A_young_adult_at_a_job_interview_in_an_office__img6.png,Unknown,Unknown,there is a man and woman sitting at a table talking,1.0
Age_A_young_adult_at_a_job_interview_in_an_office__img7.png,Unknown,Unknown,arafed woman sitting in front of a laptop computer with her hand on her chin,1.0
Age_A_young_adult_hiking_on_a_mountain_trail__img1.png,Unknown,Unknown,a woman hiking up a trail in the woods with a backpack,1.0
Age_A_young_adult_hiking_on_a_mountain_trail__img2.png,Unknown,Unknown,araffe walking on a trail in the woods with a backpack,1.0
Age_A_young_adult_hiking_on_a_mountain_trail__img3.png,Unknown,Unknown,arafed woman walking on a trail in the woods with a backpack,1.0
Age_A_young_adult_hiking_on_a_mountain_trail__img4.png,Unknown,Unknown,there is a woman walking up a trail with a backpack,1.0
Age_A_young_adult_hiking_on_a_mountain_trail__img5.png,Unknown,Unknown,there is a man with a backpack walking up a trail,1.0
Age_A_young_adult_hiking_on_a_mountain_trail__img6.png,Unknown,Unknown,a man with a backpack walking on a trail through the woods,1.0
Age_A_young_adult_hiking_on_a_mountain_trail__img7.png,Unknown,Unknown,there is a man walking down a trail in the woods,1.0
Age_A_young_adult_on_a_road_trip_with_a_group_of_frien_img1.png,Unknown,Unknown,there are four people taking a selfie together in the field,1.0
Age_A_young_adult_on_a_road_trip_with_a_group_of_frien_img2.png,Unknown,Unknown,araffes sitting in the trunk of a car with their luggage,1.0
Age_A_young_adult_on_a_road_trip_with_a_group_of_frien_img3.png,Unknown,Unknown,two men sitting in a car smiling and looking at the camera,1.0
Age_A_young_adult_on_a_road_trip_with_a_group_of_frien_img4.png,Unknown,Unknown,three young people sitting in the back of a car with a dog,1.0
Age_A_young_adult_on_a_road_trip_with_a_group_of_frien_img5.png,Unknown,Unknown,three women sitting in a car with their arms out the window,1.0
Age_A_young_adult_on_a_road_trip_with_a_group_of_frien_img6.png,Unknown,Unknown,araffe woman sitting in the open door of a car on a country road,1.0
Age_A_young_adult_on_a_road_trip_with_a_group_of_frien_img7.png,Unknown,Unknown,there are four people sitting in the back of a car,1.0
Age_A_young_adult_walking_down_a_busy_street_with_frie_img1.png,Unknown,Unknown,several people walking on a brick sidewalk with a cell phone,1.0
Age_A_young_adult_walking_down_a_busy_street_with_frie_img2.png,Unknown,Unknown,several people walking down a street with trees in the background,1.0
Age_A_young_adult_walking_down_a_busy_street_with_frie_img3.png,Unknown,Unknown,three women walking down the street with their backs turned,1.0
Age_A_young_adult_walking_down_a_busy_street_with_frie_img4.png,Unknown,Unknown,several women walking down a street with cell phones in their hands,1.0
Age_A_young_adult_walking_down_a_busy_street_with_frie_img5.png,Unknown,Unknown,araffes walking down the street with their backs to the camera,1.0
Age_A_young_adult_walking_down_a_busy_street_with_frie_img6.png,Unknown,Unknown,three people walking across a crosswalk in a city,1.0
Age_A_young_adult_walking_down_a_busy_street_with_frie_img7.png,Unknown,Unknown,several people walking down a street with one holding the hand of another,1.0
Age_A_young_child_drawing_pictures_with_crayons__img1.png,Unknown,Unknown,there is a young girl sitting at a table with a pencil and paper,1.0
Age_A_young_child_drawing_pictures_with_crayons__img2.png,Unknown,Unknown,there is a young child sitting at a table with a pencil and paper,1.0
Age_A_young_child_drawing_pictures_with_crayons__img3.png,Unknown,Unknown,there is a young boy sitting at a table with a pencil and paper,1.0
Age_A_young_child_drawing_pictures_with_crayons__img4.png,Unknown,Unknown,there is a young girl drawing on a piece of paper with colored pencils,1.0
Age_A_young_child_drawing_pictures_with_crayons__img5.png,Unknown,Unknown,there is a young child that is drawing on a piece of paper,1.0
Age_A_young_child_drawing_pictures_with_crayons__img6.png,Unknown,Unknown,there is a young boy sitting at a table with a pencil and paper,1.0
Age_A_young_child_drawing_pictures_with_crayons__img7.png,Unknown,Unknown,there are two children sitting at a table writing on paper,1.0
Age_A_young_child_playing_in_a_sandbox__img1.png,Unknown,Unknown,arafed toddler playing in the sand with a toy,1.0
Age_A_young_child_playing_in_a_sandbox__img2.png,Unknown,Unknown,there is a small child playing in the sand at the beach,1.0
Age_A_young_child_playing_in_a_sandbox__img3.png,Unknown,Unknown,arafed boy in a blue shirt playing in a hole in the sand,1.0
Age_A_young_child_playing_in_a_sandbox__img4.png,Unknown,Unknown,there is a young boy sitting in the sand playing with a yellow cup,1.0
Age_A_young_child_playing_in_a_sandbox__img5.png,Unknown,Unknown,there is a small child playing in a sand pit,1.0
Age_A_young_child_playing_in_a_sandbox__img6.png,Unknown,Unknown,there is a young boy playing in the sand at the beach,1.0
Age_A_young_child_playing_in_a_sandbox__img7.png,Unknown,Unknown,arafed boy sitting in the sand in a park,1.0
Age_A_young_couple_enjoying_a_dinner_at_a_restaurant__img1.png,Unknown,Unknown,smiling couple sitting at a table with a glass of wine,1.0
Age_A_young_couple_enjoying_a_dinner_at_a_restaurant__img2.png,Unknown,Unknown,smiling couple eating a meal at a restaurant together,1.0
Age_A_young_couple_enjoying_a_dinner_at_a_restaurant__img3.png,Unknown,Unknown,there are two people sitting at a table eating food together,1.0
Age_A_young_couple_enjoying_a_dinner_at_a_restaurant__img4.png,Unknown,Unknown,a couple enjoying a meal at a restaurant together,1.0
Age_A_young_couple_enjoying_a_dinner_at_a_restaurant__img5.png,Unknown,Unknown,there are people sitting at a table with wine glasses,1.0
Age_A_young_couple_enjoying_a_dinner_at_a_restaurant__img6.png,Unknown,Unknown,there are two people sitting at a table eating and drinking wine,1.0
Age_A_young_couple_enjoying_a_dinner_at_a_restaurant__img7.png,Unknown,Unknown,there are two people sitting at a table with plates of food and wine,1.0
Age_A_young_couple_holding_hands_at_a_park__img1.png,Unknown,Unknown,arafed couple holding hands walking in a park holding hands,1.0
Age_A_young_couple_holding_hands_at_a_park__img2.png,Unknown,Unknown,there are two people holding hands in a park,1.0
Age_A_young_couple_holding_hands_at_a_park__img3.png,Unknown,Unknown,araffes man and woman holding hands and smiling in a park,1.0
Age_A_young_couple_holding_hands_at_a_park__img4.png,Unknown,Unknown,they are walking in the park holding hands and smiling,1.0
Age_A_young_couple_holding_hands_at_a_park__img5.png,Unknown,Unknown,araffes walking in the park holding hands with a woman,1.0
Age_A_young_couple_holding_hands_at_a_park__img6.png,Unknown,Unknown,they are walking down the path holding hands,1.0
Age_A_young_couple_holding_hands_at_a_park__img7.png,Unknown,Unknown,araffe couple walking in a park holding hands,1.0
Age_A_young_person_in_a_fitness_class_at_the_gym__img1.png,Unknown,Unknown,there are people doing exercises in a gym with a trainer,1.0
Age_A_young_person_in_a_fitness_class_at_the_gym__img2.png,Unknown,Unknown,arafed woman in a gym with arms outstretched in front of her,1.0
Age_A_young_person_in_a_fitness_class_at_the_gym__img3.png,Unknown,Unknown,arafed group of women doing push ups in a gym,1.0
Age_A_young_person_in_a_fitness_class_at_the_gym__img4.png,Unknown,Unknown,there is a young girl squatting on a skateboard in a gym,1.0
Age_A_young_person_in_a_fitness_class_at_the_gym__img5.png,Unknown,Unknown,there are two women in the gym doing squats with a bar,1.0
Age_A_young_person_in_a_fitness_class_at_the_gym__img6.png,Unknown,Unknown,a group of people doing exercises with dumb dumbs in a gym,1.0
Age_A_young_person_in_a_fitness_class_at_the_gym__img7.png,Unknown,Unknown,several women are doing exercises on mats in a gym,1.0
Age_A_young_person_playing_an_instrument_on_stage__img1.png,Unknown,Unknown,arafed young girl playing a guitar in a purple hat,1.0
